<?xml version="1.0" encoding="UTF-8"?>
<configuration>

		<springProperty scope="context" name="springAppName" source="spring.application.name"/>
		<springProperty scope="context" name="port" source="server.port"/>
        <appender name="FILE" class="ch.qos.logback.core.FileAppender">
                <file>./target/logs/${springAppName}.log</file>
                <append>false</append>
                <encoder>
                        <pattern>
                        %d{&quot;yyyy-MM-dd'T'HH:mm:ss,SSS+0000&quot;,UTC} %-5level ${hostname}:${port} [${springAppName}] [%X{logTraceId}/%X{traceId}/%X{spanId}] %logger{36} - %msg%n
                        </pattern>
                </encoder>
        </appender>
        <appender name="CONSOLE" class="ch.qos.logback.core.ConsoleAppender">
                <encoder>
                        <pattern>
                        %d{&quot;yyyy-MM-dd'T'HH:mm:ss,SSS+0000&quot;,UTC} %-5level ${hostname}:${port} [${springAppName}] [%X{logTraceId}/%X{traceId}/%X{spanId}] %logger{36} - %msg%n
                        </pattern>
                </encoder>
        </appender>
        <root level="INFO">
                <appender-ref ref="FILE" />
                <appender-ref ref="CONSOLE" />
        </root>
</configuration>